actor,weibo_name,follower
锦鲤,锦鲤大王,1718.4万
丁程鑫,时代少年团-丁程鑫,2407.1万
张俪,张俪,1554.6万
鲁照华,鲁照华,453.9万
宋亚轩,时代少年团-宋亚轩,2189.8万
周艺轩,UNIQ-周艺轩,498.9万
潘斌龙,大潘潘斌龙,518万
王安宇,王安宇buss,448.9万
冯兵,演员冯兵,53.2万
任东霖,任东霖,32.3万
刘耀元,刘耀元,210万
马小钦,马小钦,1376
潘薏淳,No weibo account,
刘畅,刘畅木法沙,533万
杨蒙恩,蒙恩是蒙恩啊,72.9万
曾黎,曾黎,591.3万
丁若虚,丁若虚Joe,22.7万
穆乐恩,穆乐恩,98.8万
蒋袁娅蓉,娅蓉啊,20.5万
王珞丹,王珞丹,4307.7万
惠英红,惠英紅kara,190.1万
黄日莹,黄日莹,404.3万
郝祥海,No weibo account,
郭麒麟,郭麒麟,948.3万
张樟,张樟,202.8万
张震 Zhen Zhang,張震,202.5万
阳兵卓,阳兵卓的微博,100.2万
舒淇,舒淇,4061.5万
此沙,此沙是个小演员,82.6万
华晨宇,华晨宇yu,3766.6万
蓝天野,No weibo account,
王佑硕,王佑硕,
刘海宽,刘海宽_hill,641.6万
李幼斌,李幼斌的忠粉,2002
王玉雯,王玉雯Uvin,402.9万
郑好,郑好,403万
李元韬,No weibo account,
曾美慧孜,曾美慧孜Chloe人美,17.2万
曲尼次仁,曲尼次仁,69.5万
刘恋,刘恋MrMiss,135.5万
宗元圆,宗元圆,135.8万
宋洋,演员宋洋,103.9万
邢冬冬,邢冬冬-唐伯鼠,51.2万
李槿,李槿Eva,18.2万
唐晓天,唐晓天DADDI,882.9万
张沛,郑州牙齿矫正张沛医生,13.1万
李胤维 ,No weibo account,
骆新,骆新,71.3万
刘迅,刘迅,106.7万
V17-十四,No weibo account,
叶清,叶清voasia,146.8万
李墨之,李墨之之之,351.7万
蒋欣,蒋欣,2606万
萧敬腾,萧敬腾,1843.9万
戴向宇,戴向宇的微博,250.4万
陈坤,陈坤,9340万
福乐小哥,福乐小哥,38.8万
韦琪,No weibo account,
张晞临,张晞临,96.8万
盛蕙子,盛蕙子,103.4万
黑石稔,MinoruK_黑石稔,11.9万
魏哲鸣,魏哲鸣Miles,913.1万
张亚东,張亞東,349万
藤新,藤新Jiven,109.9万
卢昱晓,卢昱晓_,227.8万
叶可儿,叶可儿kiko,204.1万
曾可妮,曾可妮Jenny-Z,944.4万
杜光祎,杜光禕,4万
空灵薇薇,空灵薇薇,3077
屈菁菁,屈菁菁,253.5万
吕承珏,吕承珏,117.6万
靳东,靳东,1543.6万
思文,思文文文,198.6万
张雅钦,张雅钦Kiwi,147万
姜潮,姜潮,1496.7万
王嘉尔,王嘉尔,3082.6万
郑秀妍,Sy__Jessica,694.1万
丁禹兮,丁禹兮,988.8万
汤梦佳,汤梦佳,222.7万
耿力树,No weibo account,
倪妮,倪妮V,2488万
张炯敏,张炯敏,150.1万
于乃佳,于乃佳,30.9万
林妍柔,林妍柔,406.9万
许天奇,嘎嘎许天奇,157.2万
张哲瀚,No weibo account,
姚雷,姚雷-阿拉蕾,4103
张开泰,张开泰,269.5万
杨杏,杨杏_Yxx,101.7万
孙熹之,孙熹之,50.2万
蔡海婷,No weibo account,
朱效民,No weibo account,
张天阳,张天阳,379.6万
应采儿,应采儿,1754.4万
张峻宁,张峻宁,499.8万
梓渝,光合少年-梓渝,227.8万
葛剑雄,葛剑雄,99.2万
蒲萄,_蒲萄,89.7万
叶知秋,叶知秋Vanessa,161.3万
Akira明,AKIRA明_,6810
向涵之,向涵之,188万
鸟鸟,也就是鸟鸟,38.9万
刘逸云,刘逸云Amber,668.3万
许国栋,No weibo account,
冷泉夜月,冷泉夜月,26.4万
李小冉,李小冉,1356万
皇贞季,适量的油滑锅,121
杨磊,小巨蛋杨磊,60.2万
何瑞贤,何瑞贤,413.1万
包上恩,包上恩,121.4万
单依纯,单依纯,874.6万
乔菲菲,配音员乔菲菲,6183
何浩楠,种地吧何浩楠,113万
黄灏楠,No weibo account,
向琴琴,我是向琴琴呀,41.3万
余衍林,franklinyu余衍林,110.2万
刘宪华,刘宪华Henry-Lau,1249.1万
戴士,JY戴士,478.9万
刘泳希,刘泳希,387.2万
林平娜,No weibo account,
胡杏儿,胡杏儿,1095.4万
郑乃馨,Nene郑乃馨,466.9万
嘉泽,祖嘉泽,28万
蔡宜达,蔡宜达johnny,125.8万
黄贯中,黄贯中,203.2万
邢佳栋,邢佳栋,34.7万
蔡少芬,蔡少芬,1423.8万
黄子恩,黄子恩ZE,114.1万
吴樾,吴樾,227.8万
肖央,肖央,629.6万
嵇嘉禾,No weibo account,
邢菲,邢菲_,1301.3万
藤新 Xin Teng,藤新Jiven,109.9万
谢楠,谢楠,779.9万
王奕婷,王奕婷ting,399.9万
沈磊 Lei Shen,淮扬帅胖沈磊,22万
于莎莎,莎莎于,206.9万
刘芮麟,刘芮麟Wayne,634.3万
音匣老鬼,关帅729,39.9万
赵露思,赵露思的微博,2586.1万
唐九洲,唐九洲,440万
刘诗诗,刘诗诗,3437.8万
文韬,文韬Stefan,323.9万
刘宇,刘宇Yu_,414万
窦骁,窦骁,1496.6万
孙鹏,孙鹏,19.1万
朱赞锦,朱赞锦,783.7万
郭姝彤,郭姝彤_,107.8万
张超,N张超Juck,622.5万
黄浩然,Raymond黃浩然,117万
王传君,王传君,631.4万
伊能静,伊能靜,2047.1万
蒋依依,蒋依依,1007.3万
朱致灵,朱致灵,48.6万
柳云龙,柳云龙微博,145.5万
周扬,周扬,168.8万
高以翔,高以翔Godfrey,614.9万
刘蕊,No weibo account,
王晓彤,王晓彤彤彤tong,12.6万
赵弈钦,赵弈钦,557万
胡夏,胡夏,776万
邢昭林,邢昭林,2368万
周帅,演员周帅,13.8万
王骁,王骁很娱乐,220万
陈梓聪,W-EDGM陈梓聪,2010
邵星颖,邵星颖,212.5万
金志文,金志文-GT,209.2万
包涵,包涵你我他,12.3万
刘晴,刘晴_小缨缨,1766
王以纶,王以纶RileyKing,446.3万
陈小春,陳小春,1299.8万
陈彦亦,陈彦亦888,20
张子健,_张子健_,21.2万
赵聚散,No weibo account,
露西,不要再买了露西,5万
周涛,周涛323,251.8万
杨天琪,No weibo account,
陈都灵,陈都灵,738.7万
聂远,聂远,506.6万
姚笛,姚笛,1014.1万
钱晓蕴,钱晓蕴,34.3万
嗣航,No weibo account,
孙佳雨,孙佳雨_PaNdA,512.6万
李熹子,李熹子,211.4万
杨茜尧,楊怡TaviaYeung是楊茜堯,381.6万
陈丹青,这是实在话,12.2万
邓恩熙,邓恩熙,162.5万
杨超然,演员杨超然,67.3万
侯明昊,侯明昊Neo,1658.8万
田雨,演员田雨,120.3万
李玲玉,李玲玉,100.5万
梁龙,梁龙LBB,88.3万
高鑫,高鑫,230.3万
蔡卓音,蔡卓音Joyin,73.7万
王俊凯,TFBOYS-王俊凯,8268万
张馨予,张馨予,2463.5万
吕中,吕中粉丝团,1778
陈宝国,陈宝国,14万
张慧雯,张慧雯wen,1041.8万
朱芳雨,朱芳雨,733.5万
杨欧,No weibo account,
张家鼎,Z张家鼎,85.8万
高瀚宇,高瀚宇KD,708.4万
周延,GAI周延,1161.4万
王培根,王培根,15.9万
刘三木,No weibo account,
王志飞,王志飞,71.5万
王宥钧,王宥钧_,160.9万
佟心竹,佟心竹-c小调,16.6万
肖燕,肖燕,902.2万
敖子逸,敖子逸,987.3万
陈柏融,陳柏融Kenji,305.2万
郭一扬,Reyn郭一扬,14.5万
王子睿,No weibo account,
逯恣祯,逯恣祯_淘淘,101.6万
陈楚生,陈楚生,1058.7万
盛冠森,盛少Marmota_Magnus,60万
吕聿来,No weibo account,287
阳巧玥,No weibo account,
付伟伦,付伟伦,151.7万
刘嘉裕,No weibo account,
艾热,艾热AIR_uugabiz,487.5万
袁雨萱,袁雨萱呢,369.2万
洋懿,No weibo account,
马丽,演员马丽,920.7万
于小彤,于小彤,570.9万
李嘉豪,LeeAlive李嘉豪,1.4万
任言恺,任言恺Ming,645.9万
王雷,王雷ACTION,200.9万
赵乾景,赵乾景与他的景鲤,1.9万
牛玉坤,牛玉坤坤坤,2.1万
蔡征,蔡征同学,3381
马树,No weibo account,
丰楚轩,BEST-丰楚轩,109.5万
杨凯程,杨凯程,142.2万
雷佳音,雷佳音,1474.2万
樊驿宁,樊驿宁_,53.6万
小沈阳,小沈阳,1749.5万
范迪禹,范迪禹_,9250
淮文,淮文Shawn,103.8万
麦家,麦家,681.6万
歪歪,Angela雅典娜歪歪,235.8万
筱筝,音熊-筱筝,26万
阿部快征,阿部快征_TRUSTAR,2522
稳得高处,VA稳得高处,21.2万
贺文潇,袖子-贺文潇,79.1万
武磊,武磊7,323万
王艺诺,王艺诺诺诺,102.7万
齐秦,齐秦,154.8万
高晓松,No weibo account,
岳云鹏,岳云鹏,2894万
苏炳添,苏炳添,494.1万
杜志强,No weibo account,
陈建太郎,No weibo account,
刘小怂,我是刘小怂,140.7万
蔡徐坤,蔡徐坤,3881.9万
李昳晨,李昳晨,9.2万
李正翔,No weibo account,
谭卓,谭卓,1002.4万
LexBurner,LexBurner,201.5万
宋一雄,宋一雄,121.8万
邓春玲,No weibo account,
毕畅,毕畅,49.7万
柯暮卿,柯暮卿,106.9万
季骜杰,No weibo account,
郭子凡,X玖少年团--郭子凡G-Ziven,359.5万
赵文卓,赵文卓,495.8万
白宇,白宇WHITE,1174.3万
元宝,元宝元元宝,6.5万
王道铁,No weibo account,
陈天雨,陈天雨Timmy,12.1万
侯露森,No weibo account,
炫迈,炫迈妹子i,291.7万
卢杉,卢杉,305.4万
宋威龙,宋威龙99,1428.7万
严子贤,严子贤,42.8万
张龄心,张龄心,153.1万
代斯,代斯daisy,500.3万
张达源,张达塬Darrien,164.6万
屈梦汝,屈梦汝monroe,69.2万
苏珊娜·雷诺,No weibo account,
于谦,于谦,852.1万
于洋,于洋吖,76.7万
华少,Host华少,516.4万
陈鑫海,陈鑫海Ocean,185.9万
赵小东,演员赵小东,2.1万
巩大方,巩大方,36
黄洪铮,演员黄洪铮,1.3万
马剑越,马剑越,320.4万 
王星越,王星越,190.7万
阿旦,米娅_阿旦,405.8万
鞠婧祎,鞠婧祎,2713.6万
鄂布斯,No weibo account,
朱嘉琦,朱嘉琦z,334.3万
刘昊然,刘昊然turbo,3201.5万
海清,海清,1412.8万
曹志雄,HG曹志雄,7263
刘凯,演员刘凯,203.8万
段艺璇,SNH48-段艺璇-,644.3万
俞敏洪,俞敏洪,1509.3万
侯佩岑,侯佩岑,821.5万
陈政阳,陈政阳,219.6万
江奇霖,江奇霖70,305.4万
陈小纭,陈小纭,669.5万
陈则霖,陈则霖001,304
Wake,Wake,27.7万
张雨剑,张雨剑,655万
冯绍峰,冯绍峰,2532.6万
方晓东,方晓东,41.3万
景向谁依,景向谁依-,277.5万
周深,卡布叻_周深,866.7万
林彦俊,林彦俊,1042.7万
季美含,季美含,107.3万
屠芷莹,屠芷莹ing,110.7万
雷佳,雷佳,22万
刘冬沁,刘冬沁ZayinEric,546.2万
朱芷仪,No weibo account,
陈俊宇,陈俊宇Simon,126.5万
李感,-李感-,187.8万
林思意,林思意Sissi,356.1万
米露,米露,338.7万
秦海璐,秦海璐,1272.6万
伊一,伊一,337.9万
沈燮元,No weibo account,
叶琪山,叶琪山,2.8万
释小龙,释小龙Ashton,517万
廖昌永,廖昌永,27.9万
李嘉铭,演员李嘉铭,590.7万
龚锐,龚锐Nate,112.3万
谭绮文,谭绮文_,796
林俊龙,No weibo account,
蒲熠星,蒲熠星POE工作室,22.4万
宋伊人,宋伊人,679.9万
苗侨伟,WeareMiu苗僑偉戚美珍,91.9万
辛芷蕾,辛芷蕾,1210.9万
李岷城,Mr__小李子,104.5万
黄怡晴,No weibo account,
文松,文松V,53.4万
刘小光,刘小光,109.3万
阎么么,阎么么,25.1万
王小利,王小利,439万
Lalisa Manobal,lalalalisa_m,897.8万
徐梓童,徐梓童_,20.3万
蒙恩,蒙恩am,217万
王阳,王阳0313,376.7万
邱泽,邱澤日記,577万
蔡皋,蔡皋,3.8万
文生,文生,273.9万
吴刚,吴刚de微博,260.3万
迟宁宁,迟宁宁_,61.7万
邵汶,邵汶,22万
刘欢,刘欢Happy哥,501.3万
郑英辰,郑英辰C,63.8万
邓诗韵,邓诗韵,30.8万
王大头,王大头,359.3万
张云龙,张云龙mmc,1503.9万
奚美娟,No weibo account,
胡军,胡军,366万
鲁诺,鲁诺lenox,158.4万
李宏毅,L李宏毅,1382.2万
杨廷东,杨廷东,154.4万
赵英俊,赵英俊是潇洒哥,187.2万
茅子俊,茅子俊,1267.4万
王瀚哲,王瀚哲工作室,10.3万
王帅 Shuai Wang,王帥_Designer,18.1万
刘特,刘特,320.3万
李哲豪,李哲豪-,60.5万
孙莉,多妈7788,804.2万
万国鹏,万国鹏演员,218万
毛晓彤,毛晓彤,2082.2万
许凯,许凯soso,2061.2万
斯蒂芬·弗雷,No weibo account,
赵晴,赵晴HT,30.3万
马洋,马洋6L96,12.5万
刘校妤,牛怒牛笑魚,27.9万
黄子星,黄子星_,33万
刘琮,刘琮729,116万
刘怡潼,刘怡潼,504.8万
杨采钰,杨采钰Ora,543万
张瑜,张瑜Yvonne,2.5万
辛云来,辛云来,407万
刘宇航,刘宇航-Rain,109.1万
Aunty菊,aunty菊,1265
天爱,No weibo account,
李静,李静,1376.3万
倪寒尽,倪寒尽,209.6万
陈钰琪,陈钰琪Yukee,1102.2万
张景昀,张景昀要更努力,76.3万
林博洋,L林博洋,102.6万
晏紫东,晏紫东,544.2万
关锦鹏,关锦鹏,26.3万
林春柳,林春柳9,149
杜德伟,杜德偉,166.1万
大张伟,大张伟,1222.8万
啜妮,啜妮,545.1万
张芷溪,张芷溪,1188.2万
张柏嘉,张柏嘉,328.2万
丁真珍珠,No weibo account,
朱凤蓉,No weibo account,
陈奕龙,陈奕龙,491万
傅韵哲,易安音乐社-傅韵哲,97万
陈鹤一,陈鹤一,295.9万
张钧甯,張鈞甯,1586.1万
丹琳,丹琳,166万
郭鸿博,郭鸿博的法令纹,76
吴明晶,吴明晶_,21.6万
苗苗,苗苗-vivi,545.7万
罗晨心,罗晨心Yvette,20.7万
赵樱子,赵樱子,1308.7万
大卫·科洛斯夫,No weibo account,
徐滨,徐滨XuBin,83.1万
北辰,No weibo account,
夏之光,X玖少年团夏之光,1159.8万
聂曦映,聂曦映的小西柚,1098
任豪,任豪_EVOL,1051.2万
常蓉珊,No weibo account,
陈锦闻,No weibo account,
蔡卓妍,蔡卓妍,2116.5万
毛不易,毛不易,1913.5万
富大龙,富大龙,13.2万
柳真颜,No weibo account,
于非凡,演员于非凡,200万
李玉刚,李玉刚,643.6万
陈楚乔,陈楚乔Qiao,4449
赵本山,赵本山,1473.1万
胡彦斌,胡彦斌,1427.6万
熊梓淇,熊梓淇,2466.8万
何广沛,Matthew何廣沛,18.6万
王馥荔,No weibo account,
申秋香,No weibo account,
王双,王双Shuang,422.7万
王宝强,王宝强,2814.3万
凌美仕,凌美仕,217.3万
李晨,李晨,5539.5万
陈雨锶,陈雨锶Sr,140.6万
王思文,No weibo account,
解至腾,No weibo account,
姜之南,姜之南,68.5万
尤靖茹,尤靖茹,407.7万
王潇倩,我是王王王小饼,7.1万
印小天,印小天,685.2万
黄羿,黄羿Piggy,201.2万
朱颜曼滋,朱颜曼滋,231万
陈立农,陈立农,2040万
杨丞琳,楊丞琳,1455.9万
张锦新,No weibo account,
萧亚轩,蕭亞軒MISSELVA,1372.7万
谢霆锋,锋味,1241.5万
江疏影,江疏影,2195.4万
董琦,董琦kiki,101.4万
李光复,李光复V,73.4万
吴恙,吴恙,234.6万
汪聪,汪聪,109.6万
梁冠华,梁冠华,26万
杜海涛,杜海涛,3780.8万
凃雄飞,糖醋腊排骨,1427
闫猛,No weibo account,
邢昀,演员邢昀,1.3万
张远,张远Bird,884.8万
周子寒,周子寒诶,11.9万
代露娃,代露娃,220万
杨子姗,杨子姗,619.4万
金星,金星,1370.8万
朱志鑫,TF家族-朱志鑫,598.4万
童蕾,童蕾,381.9万
马原,马原,40.8万
虫虫,虫虫Chonny,631.7万
程璐,程璐,254万
张楚寒,张楚寒_Bunny,163.2万
漆昱辰,漆昱辰Duebass,368.5万
萍措卓玛,萍措卓玛,41
侯东 Dong Hou,侯东_,231.4万
杨长青,ICE杨长青,508.4万
穆丽燕,穆丽燕_,1121
程相,程相zzz,5.5万
王卫亚,濮阳王卫亚,187
白曼可,tata白曼可的妈咪,89
钟楚曦,钟楚曦,808万
赵岭,配音演员赵岭,27.6万
张昕懿,张昕懿,64.5万
芷彤,赵芷彤Cassie,58.9万
张集骏,张集骏,256.5万
高茂桐,高茂桐本人,192.1万
明加加,明加加,7.1万
刘些宁,刘些宁,485.7万
朱珠,朱珠ZhuZhu,294.7万
张嘉倪,张嘉倪,1091.3万
顺吉,顺吉,1553
陈立安,陈立安ansonchen,114.7万
牛子藩,牛牛牛子藩,214.9万
乔苏,No weibo account,
林雨申,林雨申,934.7万
张艺兴,张艺兴,5072.9万
马伊琍,马伊琍,4485.4万
黄俊鹏,黄俊鹏,235.4万
陈少熙,种地吧陈少熙,75万
马元,马元,74万
恺恺,恺恺Cathy,57.3万
韩雨彤,韩雨彤Hazel,66.5万
祖晴,祖晴-配音演员,14.9万
吴昕,吴昕,3786.8万
林保怡,林保怡,196.3万
徐梦浩,徐梦洁,1247.5万
高海宝,高海宝_,19.5万
陶醉,演员陶醉,1.1万
白冰,MR-白冰,82.7万
锺叔河,No weibo account,
谷嘉诚,X玖少年团谷嘉诚BAE,1308.9万
吴瑞淞,吴瑞淞Rick,148.8万
括号君,战场老军医括号君,24.9万
黄靖洲,No weibo account,1159
陈凯颖,陈凯颖YY,1446
成止微,成止微醺,7.3万
何与,何与,388.9万
蒋雯丽,蒋雯丽工作室,175.4万
祺哥,No weibo account,
于正,于正,833.2万
骆明劼,骆明劼,167万
厉嘉琪,厉嘉琪,524万
曾赠,No weibo account,
黄宗泽,黄宗泽,1397万
信友青,No weibo account,
李砚,李砚yan,441.7万
阿部力,我是阿部力,15.8万
周翊然,周翊然Tz,423.1万
王龙正,王龙正,447.9万
谢添天,谢添天,84万
郭康敏,郭康敏--,12.3万
何洁,何洁,691.3万
徐正溪,徐正溪Jeremy,1518.8万
陈曌旭,陈曌旭嘘,49.2万
刘学义,Mr_刘学义,930.6万
肖慕尘,肖慕尘,10.1万
宣璐,宣璐,1150.3万
林志颖,夢想家林志穎,7295.9万
曾轶可,曾轶可NewestNews,275.3万
管栎,管栎YUE,765.8万
彭必瑶,彭必瑶,209.5万
李立群,李立群,56.2万
曹峻祥,曹峻祥,210.7万
山根希美,No weibo account,
王栎鑫,王栎鑫,728.7万
连奕名,连奕名,29.1万
刘佩琦,刘佩琦工作室,3.8万
马家辉,马家辉在香港,185.9万
吴汉坤,吴汉坤Ken,2.7万
刘木子,刘木子maggie,280.7万
徐立,徐立,218.3万
毛头,毛毛头shelley,5041
庞博,庞博pangbobo,366.6万
张新成,张新成,1518.4万
刘雯,刘雯,2585.8万
谷江山,谷江山729,175.1万
谭笑,No weibo account,
周笔畅,周笔畅,3158万
郭秋成,演员郭秋成,50.2万
张韦,No weibo account,
胡海泉,胡海泉,572.1万
张籽沐,张籽沐,355万
敖瑞鹏,敖瑞鹏的微博,497.4万
杨坤,杨坤,479.5万
魏大勋,魏大勋,2744万
邵羽柒,邵羽柒,30.3万
娄清,娄清_Tsing,15.4万
杨凯祺 ,杨凯祺729,15.6万
崔蹬文,No weibo account,
张丹峰,张丹峰,1077.4万
周迅,i周迅,668万
黄志忠,演员黄志忠,83.6万
郑合惠子,郑合惠子,1021.4万
柳翰雅,阿雅,804.8万
张可盈,可可张可盈,218.8万
陈凯歌,陈凯歌,196.1万
任世豪,任世豪Ryan,368.3万
龙洋,龙洋V,53.1万
何德瑞,何德瑞_RR,262.5万
沙一汀,沙一汀EL,318.9万
赵珂,赵珂__,270.2万
何花,何花camile,107.7万
李凯馨,李凱馨Eleanor,910.2万
曹君豪,No weibo account,
柯颖,柯颖ii,140万
邱天,No weibo account,
李欣燃,李欣燃--,160.4万
陈晓东,陈晓东,1110.9万
张墨锡,张墨锡,10.1万
郑钧,郑钧,467.4万
王皓轩,王皓轩LIVERPOOL,562.1万
宋霄瑛子,宋霄瑛子,12.2万
黄新淳,黄新淳先生,642.9万
张桂梅,张桂梅1016,5.1万
吴啸海,吴啸海WXH,92
梁洁,梁洁Little,1261.4万
谢彬彬,谢彬彬,922.6万
胡一天,胡一天啊,2013.6万
寇家瑞,寇家瑞Ryan,78.5万
张培,张培老师,7.4万
王祺,王祺DRIFT-Q,7118
付辛博,付辛博,790.8万
邓佳鑫,TF家族-邓佳鑫,375.7万
王玮,王玮建造师,20.5万
陈欣予,陈欣予maggie,343.1万
师铭泽,师铭泽11,299.2万
刘琳,演员刘琳,96.9万
周秀娜,周秀娜Chrissienana,599.8万
杜亚飞,杜亚飞Moments_,26.8万
易烊千玺,TFBOYS-易烊千玺,8983.5万
严智超,严智超吖,22.5万
王昱尧,No weibo account,
陈学冬,陈学冬,3901.3万
雪梅,孙雪梅,82.7万
朱炜强,朱炜强,102万
陈泽,演員陳澤,5.4万
王冠逸,王冠逸Lawrence,530.6万
陈昊明,陈昊明,53.3万
谢雨琪,No weibo account,
热依扎,热依扎,589.5万
孙延恩,No weibo account,
姚卓君,姚卓君,3.6万
赵丽颖,赵丽颖,9058万
蔡文静,蔡文静,566.9万
古力娜扎,我是娜扎,2239.6万
陈湜 Shi Che,陳-湜,61.9万
刘雨昕,刘雨昕,2382万
寇世勋,No weibo account,
崔健,崔健BlueBone手机,1.3万
单霁翔,No weibo account,
杨洋,杨洋,5713.5万
韩乔生,大嘴韩乔生,1411万
傅孟柏,Mpaul傅孟柏,183.7万
于文文,Kelly于文文,659万
邹元清,邹元清yuan,15.1万
李诗萌,李诗萌萌,16.4万
吕归尘,No weibo account,
张含韵,张含韵,1167万
韩宇辰,韩宇辰Alan,44.6万
朱光祖,朱光祖,55
蒋昌建,蒋大哥,57万
闫肃 Su Yan,闫肃,70.6万
王燕阳,-王名扬-,189.1万
孙艺洲,孙艺洲,1237.5万
杨霖,杨霖_TY,111万
郑恺,郑恺,4576.5万
管泽元,管泽元,740.7万
郭俊辰,郭俊辰_Fiction,1332.2万
夏海青,No weibo account,
周大为,周大为-,100.7万
刘人语,刘人语Reyi_,764.9万
郎朗,郎朗,1698.4万
钟巍,钟巍,3560
曾梦玉,No weibo account,
张凌赫,张凌赫z,579.2万
赵毅,赵毅Joey,51.8万
乔振宇,乔振宇,1010.5万
啊吗粽,啊吗粽,118.8万
郭敬明,郭敬明,4047.8万
王若珊,王若珊,62.7万
刘寒羽,LHY刘寒羽,191
迟嘉,Keanu迟嘉,107.8万
本间贵史,本间贵史的家,9万
胡文喆,胡文喆_,214.5万
朱一龙,朱一龙,3087.9万
罗正,罗正_LZ,418.3万
苏有朋,蘇有朋,2792.3万
尼格买提,尼格买提,351.3万
张梓豫,张梓豫ziyu,1.4万
赵铁柱,恶搞赵铁柱,23.8万
陈奕颖,陈奕颖_,34.3万
朱蓉蓉,Sakura山柰,2.9万
吴泽南,武之林-吴泽南,244
羊仔,酸奶桃子饼干,12.9万
王建国,死胖子王建国,216万
李治廷,李治廷,1266.7万
吾皇猫,吾皇的一间宇宙,13万
★⑥檤轮囬★,No weibo account,
张沐兮,张沐兮_Rainy,20.2万
李子峰,李子锋Lee,247.7万
周柏豪 ,周柏豪Pakho,491.3万
肖宇梁,肖宇梁Rainco,410.6万
李维嘉,李维嘉,3131.3万
伯远,伯远,373.4万
陈飞宇,陈飞宇Arthur,1235.9万
冯小刚,冯小刚,2193万
张嘉益,张嘉益工作室,44.1万
吴卓羲,Ron吳卓羲,357万
姜珮瑶,姜珮瑶,87.4万
樊治欣,樊治欣FAN,465.6万
胡先煦,演员胡先煦,544.4万
张震岳,張震嶽,213.4万
张碧晨,张碧晨,2633.3万
黄雅莉,黄雅莉,535万
程不时,程不时2020,93
张稀也,张稀也,183.4万
李厚辰,No weibo account,
尚敬,尚敬导演,11.8万
娄艺潇,娄艺潇,1725万
王冰甜,加油啊小Z,448
仁科,仁科renke,18.5万
赖声川,赖声川,203万
肖凯中,肖凯中KEVIN,365.7万
李松蔚,李松蔚PKU,63.5万
吴宣仪,吴宣仪_Betty,2469.4万
马天宇,馬天宇,3298.5万
李歌洋,李歌洋Lee,644.9万
杨小璇,杨小璇here,1987
冯文娟,冯文娟,370.8万
姚弛,姚弛Zeawo,540.9万
李雪琴,我是李雪琴啊,820.3万
季肖冰,季肖冰,691.7万
王菊,王菊,1035万
翟巍,大胃宅,1.8万
王悦伊,王悦伊,234.9万
成果,成果成果成狗,430万
万茜,万茜,737.4万
贾玲,贾玲,1675.9万
乔欣,乔欣Bridgette,1306.9万
陈意涵,陳意涵,1960.3万
曾毅,曾少主,54.2万
张宸逍,张宸逍,118.7万
韩烨洲,大壮其实叫韩烨洲,27.1万
宁理,演员宁理,113.4万
秦昊,秦昊,1343万
大牛,唱歌的大牛,78.2万
孔雪儿,孔雪儿,941.3万
夏雨,夏雨,354.7万
万苏婉,No weibo account,
杨超文,木易杨超文,72.7万
陈海贤,No weibo account,
屈楚萧,屈楚萧,481.8万
张予佟,张予佟,5149
王正蓉,No weibo account,
王小川,王小川,290.6万
郭涛,HI郭涛,327.4万
孟非,孟非,3386.3万
田曦薇,田曦薇,671.9万
牛玉生,No weibo account,
王乾越,王乾越的微博,1067.3万
肖然心,肖然心-,41.6万
杨伊墨,杨伊墨,61.2万
钟丽缇,钟丽缇Christy,546.7万
陈铭,陈铭Calvin,182.5万
马未都,马未都,378.4万
陈瑾,陈瑾教授-皮肤美容,101万
温茉言,温茉言_点点,209.7万
黄思瑞,叫我黄思瑞,102.5万
黄梦莹,黄梦莹maggie,771.7万
万宝鹿,No weibo account,
阿云嘎,阿云嘎Musical,560.6万
咏梅,咏梅的微,147万
王浩,TF家族-王Hao,56.3万
林栋,摄影师林栋,1.2万
完颜洛绒,完颜洛绒,126万
张震,張震,202.5万
刘馨棋,Maggie刘馨棋,16.2万
许雅婷,许雅婷Kabby,266.1万
柳知萧,柳知萧,5.8万
王霏霏,王霏霏Fei,1047.4万
邓为,邓为D,265.9万
刘硕,刘硕413,48万
杨千嬅,楊千嬅,1584.5万
周韵,爱情的印象官方微博,1.5万
佟梦实,佟梦实,836.5万
夏志远,夏志远远,573.3万
陈子由,陈子由RUN,856.8万
李艾,李艾,572万
潘美烨,潘美烨Cola,51.3万
周澄奥,周澄奥_Actor,248.1万
赵圆圆,演员赵圆圆,105.2万
罗钢,罗钢微博,10.9万
言承旭,言承旭Jerry,443.4万
闫夜桥,月夜桥嗷嗷嗷,13.4万
官鸿,官鸿Kuan,1098.9万
罗予彤,罗予彤,135.7万
李逸男,李逸男,223.8万
钟汉良,钟汉良,2496.8万
陈欢,陈欢,211.9万
黄婷婷,SNH48-黄婷婷,994.5万
张振朗,張振朗Owen,62.4万
赵熠洋,No weibo account,
何昶希,何昶希HCX,666.7万
马歌,No weibo account,
王珮寒,王珮寒,105.2万
洪尧,洪尧,483.1万
张思帆,张思帆Fan,459.6万
文咏珊,JaniceMan文咏珊,1058.8万
李立宏,配音员李立宏,2万
余俪,余俪-hazy,12.4万
边天扬,边边边天扬,195.5万
张亮,张亮Sean,2426.8万
彭雅琦,Yakisa彭雅琦,28.3万
姚晨,姚晨,8384万
王迅,演员王迅,416.1万
胡阳,胡阳一个跳舞的人,15.6万
邓超,邓超,8055.4万
巩峥,巩峥,115.5万
陈汛,陈汛,137.7万
白妤霏,白妤霏Byyufei,18万
胡意旋,胡意旋,397.6万
叶语霏,叶语霏霏,82
吴迪飞,吴迪飞Jerron,116.7万
乔钢,No weibo account,
葛兰,No weibo account,
康可人,康可人,214.4万
黄曦彦,黄曦彦Tim--花辞树版,34.7万
王晓晨,王晓晨,1056.8万
蔡思贝,蔡思貝Sisley,59.2万
莫逆,莫逆的微博,3.8万
沈念如,沈念如Miss,22.9万
盛英豪,盛英豪,496.2万
瑞克居,瑞克居,1264
塔那帕特·卡维拉,塔那帕特卡维拉,113
尤浩然,尤浩然丶,149.4万
巩汉林,巩汉林,14.6万
黄俊捷,黄俊捷H,714.4万
加藤英美里,加藤英美里工作室,40
李溪芮,李溪芮,914.4万
朱雨辰,朱雨辰,383.6万
邓玉婷,No weibo account,
杨天真,杨天真本真,188.5万
邱丽琦,No weibo account,
贾乃亮,贾乃亮,6336.5万
佘诗曼,佘詩曼Charmaine,1814.2万
刘美彤,刘美彤,308万
王大陆,王大陸TaluWang,1486.5万
姜十七,-姜十七-,65.2万
白客,cucn201白客,1011.3万
饼叔,华科南三门鸡蛋灌饼叔,9509
王菲,veggieg,2289万
陈姝君,陈姝君-,128.8万
唐泽宗,No weibo account,
佟晨洁,标准佟掌柜,248.4万
曹骏,曹骏Neil,396.2万
胡怡雯,Cecilia胡怡雯,1500
黄子韬,ACE-YOUNGKINGYOUNGBOSS,6651.2万
撒贝宁,撒贝宁,740.7万
赵又廷,趙又廷,1265.8万
李龙滨,李龙滨,34.4万
黄一琳,黄一琳,626.2万
徐璐,徐璐LULU,1495.4万
老番茄,_老番茄_,385.9万
陆定昊,陆周鸣,389.8万
刘智扬,刘智扬,305.9万
文力,文力drama,73.3万
王家茵,王家茵-AN,243.4万
卢力峰,卢力峰DK,49.9万
周一围,周一围,659.1万
许子东,许子东,107.1万
徐佳,演员徐佳,104.7万
斓曦,斓曦,522.4万
戚砚笛,戚砚笛,677.7万
龚俊,龚俊Simon,2108.2万
谭咏麟,譚詠麟AlanTam,479.5万
李艺,李艺hundred,107.6万
杨泽,杨泽nzs,316.4万
阿来,阿来,11.5万
洪启,洪启,28.6万
耿乐,耿乐,220.6万
谭松韵,谭松韵seven,2479.1万
伍嘉成,X玖少年团伍嘉成,1294.3万
郭文韬,文韬Stefan,324万
曹煜辰,曹煜辰cyc,594.3万
唐小然,唐小然Doris,11.8万
石凯,石凯BIG-K,192.5万
薛之谦,薛之谦,5665.1万
王琳,演员王琳,290万
樊登,樊登,191.6万
王心凌,王心凌,740.7万
林泽辉,林泽辉IRON,18.2万
周洋,周洋咩咩,101.7万
周蓉倩,演员周蓉倩,3.2万
杨羽,摄影师杨羽,5805
宫正晔,宫正晔,5万
王千源,王千源,185.2万
夏星,夏星,156.8万
曹翠芬,演员曹翠芬,12.2万
徐洪浩,演员徐洪浩,72.8万
倪康,倪康,726
李思阳,NAME-李思阳,76.3万
何炅,何炅,1.18亿
邵庄,邵庄Sam,66.2万
叉叉 郉淅璇,No weibo account,
张闻天,弁護士張聞天,1169
范丞丞,范丞丞Adam0616,2710.7万
刘亮程,刘亮程村庄,29.5万
张彬彬,张彬彬Vin,1945.3万
汤加文,湯加文Carmen,99.8万
王祖一,王祖一_JOY,55.8万
张绍刚,张绍刚工作室微博,67.9万
董思怡,董思怡_,267.3万
宋丹丹,宋丹丹,2106.7万
陈英杰,陈英杰摄影,5万
林鹏,林鹏_芃妃,538.1万
魏晨,魏晨,3121.7万
蒋渝峰,No weibo account,
李乃文,李乃文,232.2万
马丽亚,马丽亚Maria_,2万
王心语,No weibo account,
徐心瑭,徐心瑭,5286
韩红,西藏昌都人韩红,1588.9万
常石磊,常石磊,64.8万
方锦龙,多琴方锦龙,15.3万
文竹,文竹-兔er,261.6万
陈靖可,陈靖可Chan,376万
李程彬,李程彬,509.7万
楚月,楚月Chen,255.5万
梁正双,No weibo account,
李诺,李诺,210.4万
于毅,于毅yan,502.5万
吴伯凡,吴伯凡,11.4万
谢娜,谢娜,1.27亿
董梦妍,No weibo account,
杨超越,杨超越,1930.2万
千喆,千喆,83.5万
朱元冰,朱元冰Ryan,322.1万
黄圣池,黄圣池,1009.1万
林志炫,林志炫TerryLin,505.4万
李劲峰,演员李劲峰,1099
王嘉萌,王嘉萌Jeremy,111.2万
李沛,河南卫视李沛,3996
许茹芸,許茹芸,572.2万
苏晓彤,苏晓彤,337.4万
陈星旭,陈星旭--CHEN先生,838.4万
杜晓帆,杜晓帆0丿0,138
郝富申,郝富申,105.8万
叨叨,自律打卡孙叨叨,445万
王思懿,王思懿,22.9万
赵圆瑗,赵圆瑗,652万
陈寰,陳寰,5.6万
宋卿,No weibo account,
田震,田震,346.2万
曹雅雯,曹雅雯Rouge,2753
沈奕斐,沈奕斐,96.9万
齐溪,齐溪,127.3万
丁鹤,丁鹤Bulehen,20.7万
尚雯婕,尚雯婕,1439.3万
白景屹,BrAnTB白景屹,266.9万
侯东,No weibo account,
杨昊铭,杨昊铭,386.9万
不一,音熊-不一,21.8万
林海,林海音乐,100.8万
柴碧云,柴柴柴碧云,749.2万
尹昉,尹昉InFun,91.8万
方逸伦,方逸伦Alen,550.1万
夏德俊,夏德俊,70.3万
吴承泽,吴承泽_,70万
刘婉婷,刘婉婷Jenny,6239
刘向京,刘向京,106.9万
靳旺,靳旺旺旺旺,60.3万
黄景瑜,Johnny黄景瑜,2246.5万
杨梦露,杨梦露ada,3万
张国强,演员张国强,191.8万
张伟,大张伟,1222.8万
陈牧扬,陈牧扬DC,118.1万
杜炎喆,配音演员_杜炎喆-涅槃,18.9万
董卿,董卿,7万
金贤正,金贤正丶,63.1万
艾福杰尼,艾福杰尼,793.8万
王尼玛,王尼玛,1717万
梁达伟,配音演员梁达伟,27.7万
张凯丽,张凯丽,231.3万
罗康,罗康是我,18.3万
马丁,马丁马小虎,477.4万
则灵,玉龙则灵,1.2万
甄子丹,甄子丹,1275.4万
袁娅维,TIA袁娅维,1678.4万
郑凯,郑凯,150.5万
张译,张译,1308.2万
一只璐,一只璐大朋友,69.4万
郭迦南,郭迦南Mi,170.9万
杨祐宁,楊祐寧YOYANG,1051.2万
徐振轩,徐振轩xzx-999,79.9万
吴倩,孟宛九义人,1291万
蔡卓宜,是蔡卓宜,301.4万
任家萱,任家萱Selina,1238.1万
陶典 Dian Tao,陶典oO,30.7万
孟子义,孟子义,1104万
金瀚,金瀚Kim,1090.4万
张悦楠,张悦楠-ZM,90.6万
曹峻祥,曹峻祥,210.7万
胡亦瑶,"""-胡亦瑶""",21.6万
张清,张清7ing,65.8万
王煜霖,王煜霖的微博,1.4万
明悦,明悦Yue-,15.9万
朱浪,演员朱浪,39.1万
毛祁生,毛祁生-锦浮将军,15.8万
李雅希,演员李雅希,5144
寒丰,No weibo account,
胡艺,胡艺-HY,7732
张舒沦,张舒沦_Shawn,99.9万
范伟,范伟,99.9万
吴亦凡,No weibo account,
朱怡文,No weibo account,
韩东君,韩东君ElvisHan,1004.2万
沈月,沈月,1359.7万
李浩菲,李浩菲Areil,601.4万
王一哲,演员王一哲,388.5万
谢帝,谢帝,119.9万
林允,林允Jelly,1135.1万
彭尧,彭尧-三途彼岸,31.1万
杨志雯,杨志雯wenwen,127.8万
潘玮柏,潘瑋柏,2804.7万
张萌,张萌,1298.3万
王梓薇,王梓薇,448.5万
吴骏超,吴骏超JohnWu,206.8万
戚薇,戚薇,4816.4万
黄莺,黄莺Fiona,29.7万
薛泽源,薛泽源Aaron,55.1万
周也,周也yeah,402.7万
乔大韦,乔大韦,32.7万
曹佑宁,曹佑寧,67.8万
李艺彤,李艺彤,1436.9万
尹浩宇,尹浩宇Patrick,302.3万
蒋蕊泽,蒋蕊泽_Echo,58.9万
孟鹤堂,孟鹤堂,649.3万
张杰,张杰,8157.1万
余华,北瑞安娜,46.4万
吴彦坤,吴彦坤-庚鑫海运,1633
孙千,孙千,583万
杜晴晴,No weibo account,
阮经天,阮經天,1380万
卢东旭,-卢东旭,70.2万
范永东,No weibo account,
青山周平,青山周平,81.2万
任贤齐,任贤齐,611.4万
李健,歌手李健,769.5万
王仕鹏,王仕鹏7,721.4万
左小青,左曉卿,505.5万
卢洋洋,卢洋洋_Hanna,528.7万
卢靖姗,卢靖姗CelinaJade,447.3万
赵尧珂,赵尧珂不是赵尧柯,357.7万
张利兴,No weibo account,
袁弘,袁弘,4019.7万
岳丽娜,岳丽娜,464.6万
万妮达,Vinida万妮达,612.9万
泽南,W泽南W,56.5万
高亚麟,高亚麟,166.3万
徐艺洋,徐艺洋-Yiyang,594万
莫言,莫言,432.4万
苏新皓,TF家族-苏新皓,501.3万
西川,No weibo account,
沙溢,沙溢,1251.3万
余衍隆,余衍隆,120.4万
森竣,No weibo account,
金巧巧,金巧巧,454.3万
陈鹏万里,陈鹏万里v,234.8万
白雪岑,白雪岑xi ,147
莫谦,_莫谦_,7045
白昕怡,白昕怡honey,56.8万
李佳繁,演员李佳繁,7万
夏楠,夏楠NN,204.2万
鹏小胖,音熊-鹏小胖,13.9万
赵东泽,就叫赵东泽,132.2万
李俊辰,李俊辰Chen,511.7万
孙嘉俊,孙嘉俊导演,4.5万
丁子高,丁子高,91.2万
赵双,伤洛,19.3万
成毅,成毅,2241.5万
杨鸥,No weibo account,
汪苏泷,汪苏泷,1224.6万
郑业成,D郑业成C,1060.6万
董璇,董璇,1341.4万
关智斌,關智斌,303.2万
于赓哲,于赓哲,74.1万
牟星,演员牟星,414.9万
火树,三国杀火树,133.5万
懒惰,懒惰Landuo,50.7万
宋国庆,宋国庆,6699
董力,董大力,801.8万
扈帷,扈帷,205.4万
李轻扬,李轻扬咩,17.4万
胡兆量,No weibo account,
白锦程,演员白锦程,2054
庄达菲,庄达菲要一直努力,575.3万
常远,演员常远,402.8万
张赫,张赫z_ryan,868.4万
梁颖,樑穎,122
徐志贤,徐志贤BIE,297.6万
徐凯鑫,徐徐凯鑫,204.4万
刘德华,No weibo account,
陆妍淇,陆妍淇,180万
冯骏骅,冯骏骅,56万
王雅佳,王雅佳Iris,54.2万
甲斐田幸,No weibo account,
韩雪,韩雪,1279万
夏宁骏,夏宁骏_,103.1万
陈伟霆,William威廉陈伟霆,4032.4万
贺坪,贺坪,1万
苏扬,苏扬资深媒体人,104.9万
王瑞子,王瑞子715,235.3万
迪丽热巴,Dear-迪丽热巴,7981.9万
王薇,王薇VIAN,300.1万
黄澄澄,黄澄澄,33.6万
王润泽,王润泽Up,460.7万
刘桂生,刘桂生vip,288
易大千,易大千,507万
高雄,寿山石赏石阁CEO高雄,11万
苏小玎,苏小玎117,81.7万
段永朝,段永朝,2.3万
吴崇轩,吴崇轩wcx,21.6万
张丰毅,张丰毅,50.1万
张康乐,张康乐_,66.8万
羽然,No weibo account,
刘鸣,MIUI刘鸣,1.8万
钟欣潼,鍾欣潼,2433万
杨迪,杨迪,942.5万
王广源,-王广源,200.8万
李菲,李菲-世纪领军影业创始人-CEO,39.4万
周家怡,周家怡,28.6万
孙晔,孙晔Gary,3.5万
孙维民,孙维民,814
林晓峰,林曉峰lo,42.2万
马思纯,马思纯,1645.7万
黎明,黎明,125.5万
刘北辰,刘北辰,4737
谢泽成,谢是谢泽成的成丶,25.5万
纪明哉,No weibo account,
吴佳怡,吴佳怡_six,729万
伟大爷,圈主伟大爷,4.4万
杨志刚,演员杨志刚,130.1万
苏醒,苏醒AllenSu,731.7万
马国明,馬國明-Kenneth,38万
蒋涛,蒋涛CSDN,68万
刘巴特尔,刘巴特尔,842
泡芙喵-PuFF,泡芙喵-PuFF,22.8万
张淼怡,张淼怡,149.8万
赵一博,种地吧赵一博,133.4万
林墨,林墨的墨,530.3万
刘威,刘威VvvvvvV,18.5万
张歆艺,张歆艺,2078.7万
喻恩泰,喻恩泰,55万
于济玮,于济玮Fighting,212.8万
张楠,张楠zz,652.9万
白慧明,幸运晓白,4.5万
苏子芜,苏子芜,996
梁静茹,梁静茹,1619万
贺鹏,演员贺鹏,323.9万
欧豪,欧豪,1189.6万
秦俊杰,秦俊杰,1228.1万
鲁大东,鲁大东与V,45.6万
孙语涵,孙语涵Judy,11.4万
董晓旭,董晓旭,3438
孙红雷,孙红雷,3177.7万
程宇峰,程宇峰-,42.4万
史泽鲲,大鲲er,89.6万
蒋易,蒋易,156.2万
郑伟,演员_郑伟,187.5万
颜卓灵,颜卓灵Cherry,194.9万
曹郁,曹郁,629
彭凯平,彭凯平,194.9万
郭懿骧,No weibo account,
康宁,康宁Connie,286.7万
丁一一,丁一一Cotton,385.9万
朱广权,朱广权,390.1万
林柏叡,林柏叡Charles,186.7万
刘昱晗,-刘昱晗-,241万
许子尧,No weibo account,
殷桃,殷桃,470.6万
任宇,演员任宇,14.5万
李昀锐,小林是李昀锐,318.4万
刘恺威,刘恺威,1710.2万
杨玏,杨玏,1188.2万
肖顺尧,MIC肖顺尧Aero,589.3万
金晨,金晨,1314.4万
蔡康永,蔡康永,3645.8万
酋长,BBoxer酋长,47.3万
吴越,吴越,155.2万
盖玥希,盖玥希,506.3万
张晓龙,张晓龙,774.9万
糖醋里脊,No weibo account,
孟佳,M孟佳J,1195.3万
张雨濛,张雨濛JESSIE,1.4万
刘大锁,刘大锁,104.8万
黄渤,黄渤,4222.9万
邓伦,No weibo account,
陈冠霖,陳冠霖的牛仔部落,11.9万
颜丙燕,颜丙燕,36.1万
秦岚,秦岚,1584.8万
何洛洛,何洛洛_Ning,1273.9万
柏程俊,柏程俊Sky,42.3万
李璐璐,一只璐大朋友,69.4万
老坛胡说,老坛胡说,226
吕晓萌,吕晓萌的wb,11.9万
赖冠霖,赖冠霖_Edward,881.6万
王嘉宁,王嘉宁,62.4万
大漠叔叔,大漠叔叔,106.5万
张艺上,zzzzz_张艺上,501.3万
孙艺宁,孙艺宁Amy,248.3万
卢俊杰,卢俊杰回来了,114.4万
刘聪,刘聪的KEY,328.2万
张若瑜,歪欧酱,227
陈晓楠,陈晓楠,76.7万
马栗,马栗M,150.1万
张婧仪,张婧仪,538.3万
张智霖,張智霖,2841.4万
海帆,Evan海帆,15.8万
孙睿,孙睿,26.8万
张予曦,张予曦,1332.5万
彭高唱,彭高唱,140.1万
李佳琦,李佳琦Austin,3004.4万
武大靖,武大靖,1035.1万
傅子铭,演员傅子铭,11.2万
小荧星,No weibo account,
瞳音,瞳音嘤嘤嘤,32.2万
昂米诺,昂米诺,2万
漆凯,No weibo account,
王劲松,演员王劲松,155.5万
李明峻,-李明峻,403.4万
阿丽亚,阿丽亚_aly,116.6万
李博洋,李博洋__,20.1万
林更新,林更新,5294.4万
王鹤润,王鹤润rain,717万
蔡珩,蔡珩,110.9万
翟潇闻,翟潇闻,1221.7万
董明珠,董明珠自媒体,65万
王萧,摄影师王萧,5.7万
金子璇,金子璇a,金子璇a
张一铎,张一铎,189.5万
许清雅,许清雅MY,208.6万
卜冠今,卜冠今,280.9万
李希侃,Say侃,679.1万
赵梦,赵梦Kelsey,128.4万
史磊,史磊yo,88.1万
张继科,张继科,1228万
王艺瑾,王艺瑾,437万
张艺谋,艺谋工作室,14万
刘奕畅,刘奕畅,565.4万
吴曼思,吴曼思,100.6万
孙俪,turbosun,4251.8万
徐好,徐好,329万
程潇,程潇,1236.3万
沈梦辰,沈梦辰,926.7万
尚刚,非诚勿扰时尚刚子,1348
阿潘,阿潘馆长,5万
李海银,李海银-haiyin,43.8万
庞勇,金凤丽人庞勇,6.2万
星潮,星潮729,58.3万
蔡乙嘉,蔡乙嘉,130.3万
黄子弘凡,黄子弘凡_Lars,494万
李若彤,李若彤,752.3万
李泽锋,演员李泽锋,559.2万
张毅成,Subs杀不死工作室官博,2162
吴俊余,吴俊余,925.8万
陈昊蓝,陈昊蓝,184.2万
闫妮,素描闫妮,132.5万
王萧雪,No weibo account,
宋继扬,宋继扬_,589.9万
张颕康,張頴康,9.3万
杨九郎,杨九郎L,425万
悦儿,悅儿1588,7.3万
高一仁,高一仁,240.6万
段奥娟,段奥娟_CLARE,925万
巩容尔,巩容尔,1.8万
李政军,李政军,256.4万
张妮,张妮Nora,14.3万
斯琴高丽,斯琴高丽,300.8万
李佳航,李佳航MVP,1498.7万
陈赫,陈赫,6721.8万
彭楚粤,X玖少年团彭楚粤,825.3万
史元庭,史元庭,139.5万
张天爱,Crystal张天爱,1752万
池约翰,MIC池约翰CJ,171.9万
德格娜,德格娜,9204
竹内亮,竹内亮导演,528.5万
张光北,张光北,3.5万
张瑶,张瑶,239.1万
郭采洁,郭采洁,3061万
卢正雨,卢正雨,67万
苏绿,虐渣女王苏绿夏,1.2万
袁冰妍,袁冰妍,1515.8万
叮当,姜姜是个小叮当,406.1万
许棕哲,许棕哲AKA大许哥,2571
茂涛,茂涛,559
陈牧驰,陈牧驰Chen,117.5万
辰朔,CV辰朔,1.4万
杨蓉,杨蓉,1172.2万
张颂文,张颂文,671.6万
梁咏琪,梁詠琪,1344.3万
陈品延,陈品延Ross,190万
王啸坤,王啸坤,310.3万
孙坚,孙坚,2249.3万
乔杉,演员乔杉,501.1万
林玮婕,林玮婕Jade,335.5万
高露,高露,464.8万
祖峰,祖峰,1.1万
大鹏,大鹏董成鹏,981.7万
窦文涛,No weibo account,
李俊霆,努力向上的李俊霆,182.3万
秦隽哲,秦隽哲,1.6万
陈昊宇,陈昊宇Amy,372.5万
许佳琪,许佳琪kiki,1245.4万
黄圣依,黄圣依,3254.2万
王立群,王立群,106.2万
程玉珠,程玉珠,1193
张大大,BIGBIG张大大,3280.4万
易柏辰,易柏辰_Ian,536.8万
宋晓英,宋晓英xiaoying,6.2万
韩予曦,No weibo account,
王鸥,王鸥Angel,1328.6万
裴子添,裴子添,416.7万
李翔,李翔,3.4万
李洁,八大处整形李洁医生,4万
阎萌萌,阎萌萌,3万
刘晓洁,刘晓洁儿,59.2万
李明德,李明德,402.8万
李川,李川Leon,417.5万
陈名豪,陈名豪M,227.8万
夏磊,夏磊Leon,219.8万
李若嘉,李若嘉,138.4万
大西礼芳,No weibo account,
佟丽娅,佟丽娅,3973.4万
施琰,施琰Susy,5.6万
陈宥维,陈宥维,968.5万
王钧浩,王钧浩_,11.1万
王一菲,王一菲Faye,512.7万
邱秋,邱邱622,41.2万
小连杀,米琪小连杀,108.8万
赵梦娇,No weibo account,
苏杉杉,SNH48-苏杉杉·,470.4万
盐不浪,盐不浪老板娘,39.2万
胡丹丹,胡丹丹哈哈,194.9万
隋咏良,隋咏良,134.3万
郭德纲,郭德纲,7312.2万
吴磊,吴磊LEO,4809.3万
王一博,UNIQ-王一博,4037.8万
赖美云,赖美云,1319万
何运晨,何运晨Yancy,355.3万
陈昕葳,陈昕葳_vivi,104.5万
蔡婉娜,小猫蔡婉娜,3817
井柏然,井柏然,2426万
任程伟,任程伟,49.5万
关芯,关芯JOJO,267.5万
余男,YUNAN男男,109.8万
凌飞,凌飞de微博,86.4万
张睿,张睿Ray,1014.7万
陶晶莹,陶晶莹,417.4万
焉栩嘉,X玖少年团焉栩嘉,1041.3万
林夏薇,林夏薇,197.4万
傅菁,傅菁,1217.5万
郭晓东,演员郭晓东,272.4万
于轩晨,于轩晨,103.4万
林帽帽,帽帽冒泡泡泡爆,3345
戴佩妮,戴佩妮,177.9万
王楚然,-王楚然-,515.4万
李沐宸,李沐宸的微博,300.9万
许知远,许知远,1686
云鹤追,云鹤追我唯一的姐,43
王晴,王晴O_O,155.8万
梁岩,艾匠日式教育-梁岩,3634
钱琛,钱琛729,20.3万
周震南,VvvVvV周震南,1801.2万
十四,野十四,507.2万
孟美岐,孟美岐,2718.1万
黄晓明,黄晓明,6065.6万
米卡,米卡MIKA,283.2万
许玮甯,许玮甯Ann,507.2万
孙嘉琪,孙嘉琪,154.4万
代高政,代高政_,101.5万
宋晓峰,宋晓峰,75.6万
任素汐,任素汐,119.6万
潘玥同,潘玥同_Nancy,76.5万
李曼,李曼,514.8万
丁嘉文,丁嘉文vesta,265.9万
闫永强,闫永强_,185.3万
李现,李现ing,2357.6万
葛秋谷,葛秋谷,140.5万
张雪峰,张雪峰老师,705.5万
殳俏,殳俏,192.2万
林景,繁花鹿林景,14.7万
赵胤胤,赵胤胤YIN-YIN,134.5万
王志文,王柏为就是王志文,29.6万
邹廷威,邹廷威,524.2万
杜淳,杜淳,4080.5万
宁静,宁静,1720.2万
陈晓,陈晓,2409.9万
罗云熙,罗云熙Leo,2860.8万
玉叶,No weibo account,
汪卓成,汪卓成,810.6万
赵英博,赵英博-_-,257.5万
应昊茗,应昊茗,576.9万
杨婧,_杨婧_,3.2万
王星玮,星玮同学,55.9万
李甜,李甜Ivy,40.2万
陈建斌,八家户村,76.6万
陈卓璇,陈卓璇,582.3万
张国立,张国立,186.5万
杨子,杨子,3069.6万
孙雪宁,孙雪宁ooo,199.7万
冯荔军,冯荔军,324.8万
苏瑞璇,No weibo account,
夜渡于野,夜渡于野,2330
金美辰,金美辰_,231.7万
张昊唯,张昊唯,518.3万
姜华彪,No weibo account,
杨剑勐,杨剑勐_,607
高伟光,深情的高伟光,1310.3万
王凯,王凯kkw,2284.9万
余世存,余世存,28.5万
王放,王放_自然测量员,21.2万
董子健,董冬咚d,1070.5万
包贝尔,包贝尔,1346.4万
林佩妍,林佩妍-,208
户松遥,户松遥,1059
蓝博,蓝博,302.5万
赵今麦,赵今麦angel,1076.8万
kinsen,kinsen終時,17.8万
杨笠,-杨笠-,238.1万
陈粒,陈粒_,330.7万
徐洁儿,徐洁儿SingingJill,418.2万
孙嘉璐,孙嘉璐微博,417.5万
李璐尔,李璐尔SmallLee,109.5万
大左,大左,792.1万
吕小雨,吕小雨Rain,549.7万
姜昊,姜昊旻Leo,126.4万
徐可,徐可,453.5万
马頔,马頔-麻油叶,225万
吕昀峰,大峰吕昀峰,348.1万
涂小鸦,涂小鸦敏行纳言,2.1万
周德斌,周德斌-SevenBook,205
练练,练练,530.8万
赖禧龙,赖禧龙,3.6万
李沛洋,李沛洋洋洋,70.1万
苏尚卿,西呱双,218.4万
齐尔洛,No weibo account,
田栩宁,田栩宁_,61万
周冬雨,周冬雨,3034.5万
颖儿,颖儿Yinger,1009.6万
陈腾跃,陈腾跃,174.9万
伤洛,伤洛,19.3万
于坚,于坚,14万
郭丞,郭丞,329.4万
溪林,溪林闲翁,1.3万
安嘉莎·蒙坤莎麦,No weibo account,
李纯,李纯LiChun,1534.6万
花少北,花少北,185万
孙路路,孙路路729,59.7万
陈哲远,陈哲远-,1238.4万
古井秋筠,No weibo account,
史涓生,史涓生,666
罗晋,罗晋,2029.6万
赵熠彤,熠彤大彤彤,20.2万
代云帆,代云帆Fan,210.3万
鞠可儿,鞠可儿coco,2.8万
杨梓鸿,-杨梓鸿,1110
古川雄辉,古川雄辉,428.6万
叶唏羽,叶唏羽,4
张琳,张琳,464.1万
荣梓杉,荣梓杉,159.7万
黄翔宇,黄翔宇,645
陈慧娴,陈慧娴Priscilla,57.8万
李光洁,李光洁,744.9万
肖战,X玖少年团肖战DAYTOY,3183.5万
严若曦,No weibo account,
廖凡,廖凡,79.6万
许龄月,许龄月Amelie,610.1万
张桐,张桐,199.4万
辰亦儒,辰亦儒,889.9万
楚越,烟囱下的楚越,1336
侯勇,演员侯勇,42.8万
陆虎,陆虎ING,370万
邵明明,邵明明,534.5万
乔诗语,乔诗语,59.6万
翟冠华,翟冠华,14.1万
刘桦,道哥刘桦,15.9万
张孝全,张考全,70万
温兆伦,温兆伦,162.7万
范世錡,范世錡xxxF,949.7万
陈张太康,泽西锅-陈张太康,168.3万
李汶翰,UNIQ-李汶翰,1429.7万
罗朗,罗朗MichaelRosenblum,7.5万
雨婷儿,从昱莛Fortuna,249.5万
霍汶希,霍汶希Mani,527.6万
姜思达,Daghe,287万
孙悦斌,声音者孙悦斌,2.1万
宋妍霏,Cecilia宋妍霏,1372.4万
章若楠,章若楠,1164.4万
徐佳琦,小肥手-徐佳琦,28.7万
陈秋伶,秋伶Jolly,190万
余玥,余玥,222.8万
刘浩群,刘浩群,51万
周小川,周小川_grey,9.6万
赵路,M赵路,131.7万
郭品超,郭品超Dylan,765.4万
刘明月,刘明月阿,132.3万
牛骏峰,牛骏峰,1223.7万
袁铭喆,铭喆Mz,72.6万
郭耘奇,郭耘奇,67.5万
何泽远,何泽远,83.3万
许晓诺,许晓诺_senior,379.6万
张雨绮,张雨绮,1321.7万
潘正龙,No weibo account,
开心麻花,开心麻花,110.2万
毛思翩,No weibo account,
宇宸,孙宇宸Eric,17.8万
杨旭文,杨旭文,1009.5万
陈明昊,陈明昊,18.3万
赵昊,No weibo account,
倪大红,倪大红,6176
叶盛佳,叶盛佳Loi,59.1万
何润东,何润东,1156.9万
那英,那英,2218.4万
王敬轩,王敬轩Y,196.4万
刘奕君,刘奕君actor,535.1万
胡歌,胡歌,7229.2万
张骏,张骏coolhorse,18.4万
谢天华,謝天華Laughing,167.5万
杜国璋,杜國璋ADo,6.7万
沈达威,沈达威,28.8万
席瑞,席瑞就是花花,58.1万
李易峰,No weibo account,
张耀,张耀Gala,341.3万
张佳宁,张佳宁,809.2万
马书良,演员马书良,1.8万
李菂,李菂32097,32
董颜,董颜Icey,67.7万
王濛,王濛,230.9万
臧鸿飞,臧鸿飞工作室微博,10万
唐小喜,唐小喜,5853
刘耀文,时代少年团-刘耀文,2075.2万
贾樟柯,贾樟柯,1893.3万
晓寒,晓寒EmmaY,12.7万
祝绪丹,祝绪丹Bambi,1059.7万
马昕墨,马昕墨,57.2万
汪涵,汪涵,184.8万
陆毅,陆毅,2617.1万
冯德伦,冯德伦,211.4万
刘烨,刘烨,5195.8万
任运杰,任运杰,296万
凌桓涛,No weibo account,
段奕宏,段奕宏,805.7万
贾青,演员贾青Ting,1023.4万
李九霖,李九霖_,205.6万
丁勇岱,演员丁勇岱,27.9万
梁天,梁天,1648
王弘毅,王弘毅why324,26.6万
褚珺,褚珺,12.7万
董政,No weibo account,
黑羽麻璃央,黑羽麻璃央_TRUSTAR,1.2万
赵小双,No weibo account,
种崎敦美,种崎敦美,12.9万
童瑶,童瑶,933.3万
李星昊,李星昊Nemo,6.5万
吴宇恒,吴宇恒不无语,318.7万
梁文道,No weibo account,
何美璇,何美璇,210.6万
王佳宇,王佳宇-,157.8万
朱亚文,朱亚文,1320.4万
翟子路,翟子路,256万
柯博伦,柯博伦,244.2万
马闻远,马闻远,348.1万
巫蛊悠悠,最后的都灵人,5122
张晓谦,张晓谦ZHaNG,307.6万
秦晓轩,秦晓轩儿,203.2万
闫金凤,No weibo account,
马东,马东,324万
肖雨,肖雨Sylvia,51.1万
张唯申,No weibo account,
郦波,郦波,136.3万
黄皓,黄皓Justin,15.9万
焦俊艳,焦俊艳,1251.6万
郭晋安,郭晉安--歐倩怡,118.3万
崔真真,演员崔真真,48.5万
陈若轩,陈若轩,1076.6万
艾伦,演员艾伦Allen,627.7万
王新,王新TD,154.1万
陈嘉桦,嘉桦ella,1491万
毛晓慧,毛晓慧是一朵毛大球,378.3万
江月,王江月,40.9万
杜华,乐华娱乐杜华,208.3万
姜超,姜超李大嘴,168.9万
钱文青,钱文青_拾弎幺,86万
老鬼,圈内老鬼,632.1万
王瑞昌,_王瑞昌,721.5万
王鹤棣,王鹤棣_Dylan,1919.2万
柯蓝,柯蓝,285万
何杜娟,何杜娟,555.3万
明道,明道,2841.5万
刘以豪,劉以豪,427.5万
战宇,战宇Troye,101.3万
贾冰,贾冰先生,166.5万
程永新,里程微博,6.8万
费玉清,费玉清丨何日清再来,10.2万
易立竞,易立竞,61.8万
刘良,法医刘良,5万
陶典,陶典oO,30.7万
袁梓铭,袁梓铭yn,50万
郭盛,智联郭盛,17.6万
黄轩,黄轩的微博,1075.4万
李克勤,李克勤,510.2万
芥末,芥末鑫子,128.2万
皛四白,cv皛四白,2790
陈炜,陳煒,173.8万
赵小棠,赵小棠啊,452.2万
赵天宇,赵天宇Koss,588.4万
田小洁,田小洁,10.4万
金泽,金泽Garvey,572万
周依然,周依然6,310.1万
陈超,陈超Cynthia,59.5万
陈沐,陈沐Moosn,18.2万
孙悦,孙悦,213.6万
韩宇,韩宇531,319.2万
利晴天,利晴天,380万
埃德·斯塔福德,埃德-斯塔福德,99
马嘉祺,时代少年团队长-马嘉祺,2154.4万
李嘉琦,小辣李嘉琦,1010.7万
白鹿,白鹿my,2141.8万
叶一茜,叶一茜,1233.8万
李小萌,李小萌ANNABEL,233万
普普,一个普普通通的美国黑人,73.3万
韩延,No weibo account,
陈数,陈数,1139.5万
周川珺,-周川珺,111.8万
张栋梁,张栋梁Nicholas,145.6万
涂与豪,涂与豪,259
许魏洲,许魏洲ZZ,1526.8万
何小疯,何小疯,14.1万
周侗,No weibo account,
何冰,人艺何冰,25.8万
吴奇隆,吴奇隆,4242.8万
李洪涛,演员李洪涛,5.4万
戴景耀,戴戴戴景耀,496.2万
朴树,如是我闻_一时_,121.9万
徐佳莹,徐佳瑩,504.3万
黄奕,黄奕,577.3万
彭冠英,彭冠英,676.5万
张振,上海九院张振医生,34.7万
邵英黎,No weibo account,
周亦武,法医周亦武,80.5万
刘子瑞,刘子瑞RAY,233.7万
白百何,白百何,2479.4万
傅晨阳,你好傅晨阳先生,24
韩庚,韩庚,5303.5万
少年,No weibo account,
邓家佳,邓家佳,1307.4万
周彦辰,周彦辰,662.6万
金世康,金世康JSK,5.3万
刘芸,刘芸,1001.2万
蒋勤勤,蒋勤勤,338.7万
张伟丽,张伟丽MMA,196.3万
孟祥龙,孟祥龙配音是个啥,6.2万
卜凡,卜凡KATTO,1016.1万
蔡娜,No weibo account,
梅婷,梅婷,204万
代超,代超,400.7万
陈怡凡,创造101-陈怡凡,7.7万
周峻纬,JZ周峻纬,321.7万
刘胤君,刘胤君magic,204.1万
薛兆丰,薛兆丰,392.8万
马梦唯,马梦唯,275万
王新军,演员王新军,12万
锦超,那我就先叫锦超吧,20.9万
黄宥天,黄宥天Hyde,20.3万
吕良伟,吕良伟Ray,319.5万
曹云图,No weibo account,
李一桐,李一桐Q,1658.6万
黄觉,黄觉,559.2万
章子怡,章子怡,2882.8万
李梦颖,李梦颖aggiem,202.8万
杨默,No weibo account,
王子璇,王子璇,406.3万
周雨彤,周雨彤微博,1431.9万
于永至,于永至Lucien,1095
张翰,张翰,3893.3万
王子奇,王子奇是演员王子奇,658.5万
邱士纶,邱士纶,101.1万
洛天依,Vsinger_洛天依,546.2万
王源,TFBOYS-王源,8476.2万
周轶君,周轶君,59.5万
叶祖新,叶祖新,1155.8万
马思唯,马思唯马思唯,224.6万
关晓彤,关晓彤,3485.6万
蒋芸,蒋芸327,87.8万
蔡明,蔡明,253.1万
刘钧,刘钧,229.6万
吴希泽,吴希泽-Caesar,638.2万
郭京飞,郭京飞,1140.3万
任重,任重,903.3万
杨仕泽,杨仕泽,295.6万
管乐,管乐guanle,104.6万
许嵩,许嵩,1579.3万
冯远征,冯远征,90.5万
李荣浩,李荣浩,2350.8万
崔力戈,崔力戈,1万
余颢凌,余颢凌,5.1万
赵顺然,赵顺然,204.2万
左航,TF家族-左航,500.1万
黄子杰,黃子傑_,691
查杰,-查杰-,504.4万
杨紫,杨紫,6120.2万
何超莲,何超蓮Laurinda,425.7万
王萌黎,王萌黎,649.4万
赵夕汐,赵夕汐_,7.5万
郝蕾,Echo自由自在,87.1万
李兰陵,李兰陵,186.6万
徐开骋,徐开骋,716.2万
赵薇 Wei Zhao,赵薇,8434万
曹旭鹏,曹旭鹏cxp,273
李岱昆,李岱昆,500.3万
郜思雯,郜思雯,84.4万
邓超元,邓超元Aaron,543.5万
赵帅,跆拳道赵帅,100.9万
陈怡馨,嘟嘟陈怡馨,50.6万
宋轶,宋轶songyi,1090.6万
郭柯宇,郭柯宇,40.8万
李奕臻,李奕臻的微博,361.2万
罗永浩,交个朋友直播间,1748.3万
宋佳,宋佳,1297.2万
金世佳,金世佳,464.3万
杨新鸣,演员杨新鸣,7.4万
张逸杰,张逸杰,615.5万
欧阳娜娜,歐陽娜娜Nana,2065.9万
BOYHOOD,No weibo account,
李博,李博isv,5.1万
鹿尤尤,No weibo account,
叶秋儿,No weibo account,
陈更,陈更,17.9万
王景春,演员王景春,64.9万
汤敏,汤敏啊,350.4万
陈希郡,希郡Chen,289.1万
蔡国强,蔡国强的微博,258
朱星杰,朱星杰J_zen,995.7万
赵楠,赵楠_自游家NIUTRON,1.9万
郑湫泓,郑湫泓Jade,241.3万
周历杰,周历杰,342.2万
谢兴阳,谢谢谢兴阳-不用谢,321.1万
王亚彬,王亚彬,64.3万
徐翔,应莹_ying,26.9万
文苡帆,文苡帆,492.4万
谢莹,No weibo account,
任嘉伦,任嘉伦Allen,2509.3万
法老,法老_Pharaoh,403.1万
林簌,林簌SUSU,23.6万
吴俊霆,吴俊霆,90.9万
李诞,李诞,880.7万
杨幂,杨幂,1.12亿
马伯骞,马伯骞Victor,1640.5万
陈瑶,陈瑶Sebrina,1000.5万
张博洋,张博洋byz,61万
张鲁一,张鲁一,505.5万
季冠霖,季冠霖,52.9万
邓紫棋,GEM鄧紫棋,3469.7万
郑繁星,郑繁星,482.4万
李祉默,李祉默_香芋,50.7万
辛柏青,辛柏青,95.6万
于和伟,于和伟,1169.8万
李沁,李沁,2701.1万
彭禺厶,彭禺厶,117.9万
果靖霖,果靖霖,5.5万
赵爽,我是爽妞儿,102.8万
陈叶生,陈叶生Hao,129.3万
陆婷,_陆婷_LT,617.8万
黄磊,黄磊微博,3929.8万
热狗,MCHOTDOG熱狗,450.9万
王晨艺,晨艺,650万
檀健次,MIC檀健次JC-T,1297.4万
庞瀚辰,庞瀚辰,515.4万
朱林雨,我是小鸡蛋朱林雨,131万
朱容君,朱容君-兔子牙,449.9万
李婷婷,无敌大王李婷婷,349.9万
吴谨言,吴谨言,1543.2万
王东,王东演员,423.1万
汪品先,汪品先院士,12.9万
张旭敏,No weibo account,
张国伟,张国伟_国家伟大,520.8万
解琳,No weibo account,
鹿晗,M鹿M,6321.8万
邬君梅,邬君梅VivianWu,153.6万
马苏,马苏,1661.9万
尔冬升,爾冬陞,175.7万
刘柏辛,发新歌的刘柏辛,797.8万
王真儿,演员王真儿,235.1万
袁泉,袁泉,369万
王浩信,王浩信,221万
何泓姗,何泓姗VivaHo,950.2万
容祖儿,容祖儿,1015.2万
彭小苒,彭小苒,651.4万
潘粤明,潘粤明,832.4万
孙怡,孙怡微博,1101.5万
蒋毅,蒋毅同学,86.7万
高秋梓,高秋梓本人,535.6万
邹静之,邹静之,335.5万
陈帅,Jo陈帅,122.1万
方安娜,方安娜,564.3万
徐若晗,徐若晗cici,181.8万
刘维,刘维-Julius,1083.7万
鄂靖文,鄂靖文Vin,415.2万
田艺苗,田艺苗,90.2万
张信哲,張信哲JeffChang,313.1万
余梦寒,余梦寒Rachel,15.8万
菜菜,Mariam菜菜,180.4万
许吴彬,许吴彬,56万
谢猛,No weibo account,
明鹏,明鹏MingPeng,190.7万
殷滨,No weibo account,
杨祺如,杨祺如Ruby,8.4万
醋醋,醋醋cucu,112.6万
柳岩,柳岩,3340.9万
伍思凯,伍思凯,54.1万
凤小岳,凤小岳,212.9万
金靖,金九粒,269.9万
徐峥,徐峥,1048.4万
杰克糖,No weibo account,
叶锦添,TimYip-叶锦添,11.9万
蔡灼瑜,No weibo account,
沈凌,沈凌,443.5万
陈泇文,陈泇文,207.3万
陈放,陈放PeterChan,7815
陈奕雯,陈奕雯·,19万
王若麟,王若麟,115.2万
虞书欣,虞书欣Esther,2185.6万
问题狗狗大改造,一浩不是1号,4万
陈佩斯,No weibo account,
范哲琛,哲琛--SS,1.5万
周倩仪,No weibo account,
麦童,Poppy麦童,Poppy麦童
胡冰卿,胡冰卿,999.3万
阿香,香水有毒阿香,14.4万
苏青,苏青,701.6万
赞多,赞多SANTA,356.6万
张靓颖,张靓颖,4312.3万
沈磊,淮扬帅胖沈磊,22万
芦芳生,芦芳生,258.1万
李庚希,李庚希Teresa,563万
韩承羽,韩承羽,513.4万
宣淏,宣淏是三点水的淏,68.8万
宁桓宇,宁桓宇,620.7万
曹曦文,曹曦文,520.5万
朱丽岚,朱丽岚岚岚,103.6万
唐涯,唐涯海草,67
董峪钊,No weibo account,
刘欣然,刘欣然_model,448万
郭赫轩,小演员郭赫轩,25.1万
管云鹏,管云鹏_,308.9万
王泽轩,王泽轩0325,73.7万
曾舜晞,曾舜晞Joseph,2129.3万
曦子,曦子姐姐Xily,15.3万
苏可,苏可,719.3万
周游,七天连锁大圣,1.1万
杨魏玲花,凤凰传奇De玲花,249.7万
董勇,董勇演员,11.6万
杨晴瑄,楊晴瑄Tiffany,7.3万
徐梦洁,徐梦洁,1247.5万
唐国强,唐国强,116.7万
张铭恩,张铭恩_,819.5万
刘慈欣,workership,56万
海一天,海一天real-元昊版,106.6万
刘思岑 Sicen Liu,我叫刘思岑,52.2万
张博宇,张博宇ASFTS,47.7万
李银河,李银河,450万
汪颖菲,汪颖菲Aoife,35.5万
梁靖康,梁靖康,1172.4万
郝瀚,郝瀚-haohan,5.8万
朱正廷,THEO-朱正廷,2402.8万
刘禾森,JasonLiu刘禾森,506
鬼月,鬼月柒,1.6万
薛凯琪,薛凯琪,822.2万
蒙曼,蒙曼,40.5万
余昌宇,FISH余昌宇,2.8万
甘望星,甘望星_xx,219.1万
姜广涛,姜广涛,253.8万
成龙,成龙,3117.6万
大白,大白老师卍,915.7万
白澍,白澍白澍,509.2万
利路修,利路修-Lelush,417.8万
俞飞鸿,俞飞鸿工作室,35.3万
池忆,易安音乐社-池忆,124.9万
蒋璐霞,蒋璐霞JLX,362.8万
周杰伦,周杰伦中文网JayCn,361万
杨树林,杨树林团长,66.9万
吴昊泽,演员吴昊泽,411.2万
赵雅芝,赵雅芝,1138.3万
尹正,尹正,915万
杨天翔,杨天翔,245.6万
邓凯,邓凯-Kai,118.5万
圻夏夏,XIA夏大脸,32.9万
程小蒙,程小蒙serena,289.3万
文淇,演员文淇,878.9万
张若昀,张若昀,2735.2万
马正阳,NAOKI煦,142.9万
张纯烨,张纯烨微博,173.8万
刘涛,刘涛tamia,4383.4万
龙吟,No weibo account,
康震,北师大康震,41.2万
老狼,老狼,121万
安悦溪,安悦溪,517.6万
杨颖,angelababy,1.05亿
刘宇宁,摩登兄弟刘宇宁,1752.8万
南笙,南笙,429万
陈妍希,陳妍希michelle,1510.1万
米热,米热MERXAT,626.2万
关畅,关畅的微博,116.5万
王天辰,不停锻炼的王天辰,248万
张韶涵,张韶涵,1966.8万
巴扎黑,巴扎黑是你大爷,43.3万
佟大为,佟大为,2698.3万
胡兵,胡兵,1317万
王紫逸,王紫逸Z·WANG,115.6万
张涛,张涛Aaron,7760
林峯,林峯,901.8万
邱鼎杰,邱鼎杰_kipuka,11.9万
鲁白,No weibo account,
张子枫,张子枫,1539.4万
翟昱霖,No weibo account,
宝木中阳,cucn201宝木中阳,133.7万
孙茜,孙茜,585.7万
马虎,马虎,3.1万
蓝盈莹,蓝盈莹Lyric,1305.1万
王砚辉,演员王砚辉,101.3万
张海宇,张海宇Patrick,502.8万
陈若仪,陳若儀Kellycupcake,80.6万
阚清子,阚清子,1545万
左林杰,左林杰,300.7万
杨馥羽,杨馥羽,70.4万
吕书君,No weibo account,
王路晴,王路晴LQ,276.6万
陈楚河,陈楚河的楚河,205.9万
尹烨,尹烨,106.3万
吴京,吳京,1455.2万
宝妹,时尚挖宝妹,942万
蒋梦婕,蒋梦婕,802万
贾平凹,贾平凹,26.4万
倪虹洁,倪虹洁,306.7万
呼兰,呼兰hooligan,109.6万
李文婷,No weibo account,
王祖蓝,王祖藍,4520.3万
谷爱凌,青蛙公主爱凌,652.9万
经超,经超经超,639.1万
刘旭威,-刘旭威,77.5万
常斌,常斌Brian,121.1万
孙伊涵,孙伊涵Annie,688万
袁姗姗,袁姗姗,3008.7万
苏童,苏童·,987
杨舒,杨舒SuSu,28.3万
刘一曈,刘一曈,177.7万
邵兵,邵兵,364.4万
王力宏,王力宏,6720.1万
尼格买提·热合曼,No weibo account,
古巨基,古巨基LeoKu,863.7万
李冰冰,李冰冰,4228.1万
徐洋,徐洋-Andrew,604.9万
于震,于震,76.7万
于朦胧,于朦胧,2677.8万
CAI,No weibo account,
丞磊,丞磊,131.2万
黄灿灿,黄灿灿acan,611.4万
陈芳彤,陈芳彤,162万
沈涛,沈涛,48.8万
刘佳,No weibo account,
袁伟豪,benjamin袁伟豪,156.6万
张颜齐,张颜齐,907.7万
上海彩虹室内合唱团,上海彩虹室内合唱团,205.4万
高煜霏,高煜霏,114.9万
宁浩,No weibo account,
郁葱,郁葱,12.7万
周子其,周子其-,1.6万
蒋敦豪,种地吧蒋敦豪,167.2万
黄明昊,jjjustin0219,2531.2万
狐三少,我是狐三少,3420
倪珂欣,倪珂欣-,119万
曹恩齐,曹恩齐Vincent,209.9万
刘亚锟,刘亚锟呗,21.3万
张亦驰,张亦驰isolation,286万
刘亦菲,刘亦菲,7123.5万
小昂,小昂,2139
周子瑜,周子瑜_TZUYU养鱼手册,32.1万
三石,三石小君,171.1万
赵志伟,赵志伟_Eden,1004.9万
沈培艺,No weibo account,
薛元清,薛元清_,1.6万
董昕赟,董昕赟,37.2万
周彦哲,周彦哲,1万
杨芸晴,Sunnee杨芸晴,2208.8万
唐艺昕,唐艺昕,1756.1万
马秋子,马秋子球球,118.1万
宋小宝,宋小宝纯行货,630.6万
高至霆,高至霆,300.6万
黑泽朋世,No weibo account,
张泉灵,张泉灵,1122.1万
郝平,郝平,114.9万
冯仑,风马牛社区,56.5万
杨琼,杨琼_YQ,36.9万
万鹏,万鹏er,213.3万
林昕宜,林昕宜-,147.9万
宋祖儿,宋祖儿lareina,1631万
张东,张东不聪明,15.1万
李天行,No weibo account,
张博恒,張博恆,61.1万
吴克群,吴克群,1216万
蔡国庆,蔡国庆,77.4万
郑雅文,鄭雅文Veronique,48.98分
安娜伊思·马田,安娜伊思马田,2860
范明,范明,146.5万
闫学晶,演员-闫学晶,2.8万
张悦楠,张悦楠-ZM,90.6万
韩栋,韩栋,1039.2万
王子文,王子文Ava,2142.8万
孙泽源,孙泽源kele,452.6万
任敏,演员任敏,560.3万
赫雷,赫雷-Actor,112.9万
李承铉,李承铉,683.6万
徐海乔,徐海乔,1199.5万
毕雯珺,Biiiii毕雯珺,1163.3万
刘敏涛,刘敏涛93,484.2万
徐新驰,徐新驰Nemo,246.7万
梁朝伟,梁朝偉,239.7万
王丽坤,王丽坤,1941.4万
陶虹,小陶虹,282.1万
冯熙尧,冯熙尧Hebe,3万
朱媛媛,朱媛媛,22.3万
杨凝,No weibo account,
傅首尔,傅妈,428.3万
徐晓璐,徐晓璐,68.2万
景甜,景甜,2637.1万
彦希,彦希Liam,974.3万
陶宇杰,水王陶宇杰,16.5万
张恩泽,配音哒张恩泽,1.4万
小河,魏小河,160.8万
袁昊,袁昊Boy,514.9万
袁文康,袁文康,317.4万
王耀庆,王耀庆工作室,109.5万
张秉君,张秉君,4780
毛林林,毛林林NIKITA,624.1万
李兰迪,李兰迪,777万
李宇春,李宇春,1627.9万
王子异,王子异,1773.6万
于心妍,于心妍_,17.9万
张一山,张一山,3523.8万
梁婧娴,梁婧娴,206.3万
边江,边江de围脖,344.3万
Amu,No weibo account,
姜振宇,微反应-姜振宇,222.6万
张彤,张彤,109.6万
王漪淼,王漪淼,115.4万
王琳凯,小鬼-王琳凯,2032.3万
赵子琪,赵子琪,447.8万
高圆圆,高圆圆,4901.9万
李金铭,李金铭Kimi,666.9万
吴芊盈,小樱吴芊盈,180.9万
袁咏仪,袁咏仪靓靓,1882万
王彦霖,王彦霖,1247.5万
任宥纶,任宥纶,424.6万
杨钰莹,星时代杨钰莹,668.4万
沈腾,沈腾,1595.3万
魏天浩,魏天浩,499.7万
哈妮克孜,哈妮克孜,239.6万
施柏宇,施柏宇patrick,509万
李宗翰,李宗翰,425.7万
林子祥,林子祥LAMUSICAL,6.7万
吕晓霖,吕晓霖,87.9万
马思超,马思超Kido,551.7万
耿嘉唯,耿嘉唯,10.9万
秦霄贤,秦霄贤,944.6万
彭昱畅,彭昱畅,1086.9万
白敬亭,白敬亭,3635.8万
范帅琦,范帅琦,83.6万
张雪迎,张雪迎Sophie,2142万
凌佳楠,No weibo account,
魏茹晨,魏茹晨,4
顾靖,顾靖Edith,10.8万
王青,青青青青93310,257.7万
董宝石,No weibo account,
齐思钧,齐思钧,456.4万
宋茜,宋茜,4903.4万
赖艺,赖艺Leon,585.5万
魏坤琳,魏坤琳,415.6万
贺树峰,No weibo account,
罗翔,刑法学人罗翔,316万
罗一舟,Zz罗一舟,413.5万
马薇薇,马薇薇,520.7万
李彩桦,李彩华rainli李彩桦,358万
幽舞越山,幽舞越山,40.5万
周微,No weibo account,
王玥晞,王玥晞,170.1万
赵林,赵林-甘露公益,299.9万
杨烁,杨烁,591.6万
金沫汐,金沫汐可爱团小静,502
张逗逗,演员张逗逗,124.7万
涂松岩,涂松岩,141.1万
韩玖诺,韩玖诺,153.1万
黄灯,No weibo account,
史策,史策,67.3万
张晋,张晋max,629.4万
张晚意,张晚意,387.6万
梁达伟 Dawei Liang,配音演员梁达伟,27.7万
施诗,施诗Kira,641.8万
刘震云,刘震云,23.1万
唐嫣,唐嫣,7679.6万
唐鉴军,唐鉴军,11.7万
周洁琼,周洁琼_OFFICIAL,898.5万
赖雨濛,赖雨濛,1003.4万
陈博豪,陈博豪同学,431.5万
李诚儒,李诚儒,115.9万
卫诗雅,卫诗雅Michelle,50.3万
许娣,演员许娣,15.1万
潘虹,虹噗噗_潘虹,30.1万
侯佩杉 Peishan Hou,侯佩杉杉杉,161.9万
庄茱淩,庄茱淩Juju,9.3万
安迪,安迪LilAndyKTA,32.5万
潘紫妍,演员潘紫妍,106.1万
姬野,No weibo account,
戴军,戴军,372.9万
山新,山新,436.1万
王晓佳,天草_王晓佳,219.2万
管金麟,奔跑吧管金麟,5.8万
林一,我是林一同学,688.1万
王紫璇,王紫璇CiCi,634.2万
阿达娃,阿达娃Adawa,108.2万
马可,演员马可,910.7万
郭浩然,郭浩然729,85.4万
李玫瑾,李玫瑾教授经典育儿知识,8.9万
